Scheduler,Avg_Turnaround,Avg_Waiting,Context_Switches,CPU_Utilization,Fairness_Index
Round Robin,792.6313437913506,784.5503482171049,313,100.00000000000003,0.7305123059818339
SJF,397.77464628846167,389.6936507142162,200,100.00000000000004,0.46723909424634963
PRISM v1,398.45336745210295,390.3723718778575,200,100.00000000000004,0.46738834131287654
PRISM v2,656.222536551714,648.1415409774686,200,100.00000000000003,0.6495057787566035
PRISM v3,458.76687361173936,450.685878037494,200,99.99999999999999,0.49797297154207437
